{"cameraMode":{"drawMode":0,"name":"Shaded","section":"Shading Mode"},"sceneLighting":true,"audioPlay":false,"sceneViewState":{"showFog":true,"showMaterialUpdate":false,"showSkybox":true,"showFlares":true,"showImageEffects":true,"showParticleSystems":true},"in2DMode":false,"pivot":{"x":1.2448177337646485,"y":2.0049750804901125,"z":-1.9128694534301758},"rotation":{"x":-0.034837719053030017,"y":0.9533444046974182,"z":-0.1210610643029213,"w":-0.2743438184261322},"size":9.028282165527344,"orthographic":false}